<?xml version="1.0" encoding="UTF-8" ?>
<document>
<!--The data in this file is primarily intended for consumption by Xilinx tools.
The structure and the elements are likely to change over the next few releases.
This means code written to parse this file will need to be revisited each subsequent release.-->
<application name="pa" timeStamp="Sun Oct 09 12:07:51 2016">
<section name="Project Information" visible="false">
<property name="ProjectID" value="9eb0f2db62974159ae2fea73369f6d3d" type="ProjectID"/>
<property name="ProjectIteration" value="1" type="ProjectIteration"/>
</section>
<section name="PlanAhead Usage" visible="true">
<item name="Project Data">
<property name="SrcSetCount" value="1" type="SrcSetCount"/>
<property name="ConstraintSetCount" value="1" type="ConstraintSetCount"/>
<property name="DesignMode" value="RTL" type="DesignMode"/>
<property name="SynthesisStrategy" value="Vivado Synthesis Defaults" type="SynthesisStrategy"/>
<property name="ImplStrategy" value="Vivado Implementation Defaults" type="ImplStrategy"/>
</item>
<item name="Java Command Handlers">
<property name="FileExit" value="1" type="JavaHandler"/>
</item>
<item name="Gui Resources Info">
<property name="PAResourceAtoD.CmdMsgDialog_OK, OK" value="1" type="GuiResourceData"/>
<property name="PAResourceCommand.PACommandNames_EXIT, Exit" value="1" type="GuiResourceData"/>
<property name="PAResourceEtoH.FileSetPanel_FILE_SET_PANEL_TREE, [root, Design Sources, zsys_wrapper (zsys_wrapper.v" value="4" type="GuiResourceData"/>
<property name="PAResourceEtoH.FileSetPanel_FILE_SET_PANEL_TREE, [root, Design Sources, zsys_wrapper - STRUCTURE (zsys_wrapper.vhd" value="3" type="GuiResourceData"/>
<property name="PAResourceItoN.MainMenuMgr_EXPORT, Export" value="1" type="GuiResourceData"/>
<property name="PAResourceItoN.MainMenuMgr_FILE, File" value="2" type="GuiResourceData"/>
<property name="PAResourceItoN.MainMenuMgr_OPEN_RECENT_FILE, Open Recent File" value="1" type="GuiResourceData"/>
<property name="PAResourceOtoP.PAViews_SCHEMATIC, Schematic" value="1" type="GuiResourceData"/>
<property name="PAResourceOtoP.PAViews_SYSTEM, System" value="1" type="GuiResourceData"/>
<property name="PAResourceOtoP.ProjectTab_RELOAD, Reload" value="1" type="GuiResourceData"/>
<property name="RDIResource.CommandsInput_TYPE_TCL_COMMAND_HERE, (String" value="1" type="GuiResourceData"/>
<property name="RDIResource.CommandsInput_TYPE_TCL_COMMAND_HERE, C:/Users/Adam/Downloads/te0726-te0726_m_sdsoc-vivado_2016.2-build_07_20160927093421/te0726_m_sdsoc/settings/sdsoc, true" value="1" type="GuiResourceData"/>
<property name="RDIResource.CommandsInput_TYPE_TCL_COMMAND_HERE, TE::ADV::beta_util_sdsoc_project -check_only, true" value="1" type="GuiResourceData"/>
<property name="RDIResource.CommandsInput_TYPE_TCL_COMMAND_HERE, TE::ADV::beta_util_sdsoc_project, true" value="1" type="GuiResourceData"/>
<property name="RDIResource.CommandsInput_TYPE_TCL_COMMAND_HERE, cd C:/Users/Adam/Downloads/te0726-te0726_m_sdsoc-vivado_2016.2-build_07_20160927093421/te0726_m_sdsoc/settings/sdsoc, true" value="1" type="GuiResourceData"/>
<property name="RDIResource.CommandsInput_TYPE_TCL_COMMAND_HERE, cd C:/Users/Adam/Downloads/te0726-te0726_m_sdsoc-vivado_2016.2-build_07_20160927093421\te0726_m_sdsoc\settings\sdsoc" value="1" type="GuiResourceData"/>
<property name="RDIResource.CommandsInput_TYPE_TCL_COMMAND_HERE, ls, true" value="1" type="GuiResourceData"/>
<property name="RDIResource.CommandsInput_TYPE_TCL_COMMAND_HERE, pwd, true" value="3" type="GuiResourceData"/>
<property name="RDIResource.CommandsInput_TYPE_TCL_COMMAND_HERE, sdsoc_pfm.tcl, true" value="2" type="GuiResourceData"/>
<property name="RDIResource.CommandsInput_TYPE_TCL_COMMAND_HERE, source sdsoc_pfm.tcl, true" value="2" type="GuiResourceData"/>
<property name="RDIResource.TclConsoleView_TCL_CONSOLE_CODE_EDITOR, 196, 115" value="1" type="GuiResourceData"/>
<property name="RDIResource.TclConsoleView_TCL_CONSOLE_CODE_EDITOR, 216, 164" value="1" type="GuiResourceData"/>
<property name="RDIResource.TclConsoleView_TCL_CONSOLE_CODE_EDITOR, 348, 128" value="1" type="GuiResourceData"/>
<property name="RDIResource.TclConsoleView_TCL_CONSOLE_CODE_EDITOR, 36, 132" value="1" type="GuiResourceData"/>
<property name="RDIResource.TclConsoleView_TCL_CONSOLE_CODE_EDITOR, 407, 128" value="1" type="GuiResourceData"/>
<property name="RDIResource.TclConsoleView_TCL_CONSOLE_CODE_EDITOR, 88, 132" value="1" type="GuiResourceData"/>
<property name="RDIResource.TclConsoleView_TCL_CONSOLE_CODE_EDITOR, 98, 85" value="1" type="GuiResourceData"/>
</item>
<item name="Other">
<property name="GuiMode" value="15" type="GuiMode"/>
<property name="BatchMode" value="0" type="BatchMode"/>
<property name="TclMode" value="13" type="TclMode"/>
</item>
</section>
</application>
</document>
