<?xml version="1.0" encoding="UTF-8"?>
<GenRun Id="impl_1" LaunchPart="xc7z020clg484-1" LaunchTime="1454781785">
  <File Type="RUN-CONSTRS" Name="$PDATADIR/runs/impl_1/constrs_in.xml"/>
  <File Type="OPT-DCP" Name="zed_tpg_wrapper_opt.dcp"/>
  <File Type="RUN-SRCS" Name="$PDATADIR/runs/impl_1/sources.xml"/>
  <File Type="RUN-STRAT" Name="$PDATADIR/runs/impl_1/impl_1.psg"/>
  <File Type="ROUTE-DCP" Name="zed_tpg_wrapper_routed.dcp"/>
  <File Type="PA-TCL" Name="zed_tpg_wrapper.tcl"/>
  <File Type="INIT-TIMING" Name="zed_tpg_wrapper_timing_summary_init.rpt"/>
  <File Type="OPT-DRC" Name="zed_tpg_wrapper_drc_opted.rpt"/>
  <File Type="OPT-TIMING" Name="zed_tpg_wrapper_timing_summary_opted.rpt"/>
  <File Type="OPT-HWDEF" Name="zed_tpg_wrapper.hwdef"/>
  <File Type="PWROPT-DCP" Name="zed_tpg_wrapper_pwropt.dcp"/>
  <File Type="PWROPT-DRC" Name="zed_tpg_wrapper_drc_pwropted.rpt"/>
  <File Type="PWROPT-TIMING" Name="zed_tpg_wrapper_timing_summary_pwropted.rpt"/>
  <File Type="PLACE-DCP" Name="zed_tpg_wrapper_placed.dcp"/>
  <File Type="PLACE-IO" Name="zed_tpg_wrapper_io_placed.rpt"/>
  <File Type="PLACE-CLK" Name="zed_tpg_wrapper_clock_utilization_placed.rpt"/>
  <File Type="PLACE-UTIL" Name="zed_tpg_wrapper_utilization_placed.rpt"/>
  <File Type="PLACE-UTIL-PB" Name="zed_tpg_wrapper_utilization_placed.pb"/>
  <File Type="PLACE-CTRL" Name="zed_tpg_wrapper_control_sets_placed.rpt"/>
  <File Type="PLACE-SIMILARITY" Name="zed_tpg_wrapper_incremental_reuse_placed.rpt"/>
  <File Type="PLACE-PRE-SIMILARITY" Name="zed_tpg_wrapper_incremental_reuse_pre_placed.rpt"/>
  <File Type="PLACE-TIMING" Name="zed_tpg_wrapper_timing_summary_placed.rpt"/>
  <File Type="POSTPLACE-PWROPT-DCP" Name="zed_tpg_wrapper_postplace_pwropt.dcp"/>
  <File Type="POSTPLACE-PWROPT-TIMING" Name="zed_tpg_wrapper_timing_summary_postplace_pwropted.rpt"/>
  <File Type="PHYSOPT-DCP" Name="zed_tpg_wrapper_physopt.dcp"/>
  <File Type="PHYSOPT-DRC" Name="zed_tpg_wrapper_drc_physopted.rpt"/>
  <File Type="RDI-RDI" Name="zed_tpg_wrapper.vdi"/>
  <File Type="PHYSOPT-TIMING" Name="zed_tpg_wrapper_timing_summary_physopted.rpt"/>
  <File Type="ROUTE-DRC" Name="zed_tpg_wrapper_drc_routed.rpt"/>
  <File Type="ROUTE-DRC-PB" Name="zed_tpg_wrapper_drc_routed.pb"/>
  <File Type="ROUTE-PWR" Name="zed_tpg_wrapper_power_routed.rpt"/>
  <File Type="ROUTE-PWR-SUM" Name="zed_tpg_wrapper_power_summary_routed.pb"/>
  <File Type="ROUTE-STATUS" Name="zed_tpg_wrapper_route_status.rpt"/>
  <File Type="ROUTE-STATUS-PB" Name="zed_tpg_wrapper_route_status.pb"/>
  <File Type="ROUTE-TIMINGSUMMARY" Name="zed_tpg_wrapper_timing_summary_routed.rpt"/>
  <File Type="ROUTE-TIMING-PB" Name="zed_tpg_wrapper_timing_summary_routed.pb"/>
  <File Type="ROUTE-TIMING-RPX" Name="zed_tpg_wrapper_timing_summary_routed.rpx"/>
  <File Type="ROUTE-SIMILARITY" Name="zed_tpg_wrapper_incremental_reuse_routed.rpt"/>
  <File Type="ROUTE-CLK" Name="zed_tpg_wrapper_clock_utilization_routed.rpt"/>
  <File Type="POSTROUTE-PHYSOPT-DCP" Name="zed_tpg_wrapper_postroute_physopt.dcp"/>
  <File Type="POSTROUTE-PHYSOPT-TIMING" Name="zed_tpg_wrapper_timing_summary_postroute_physopted.rpt"/>
  <File Type="POSTROUTE-PHYSOPT-TIMING-PB" Name="zed_tpg_wrapper_timing_summary_postroute_physopted.pb"/>
  <File Type="POSTROUTE-PHYSOPT-TIMING-RPX" Name="zed_tpg_wrapper_timing_summary_postroute_physopted.rpx"/>
  <File Type="BG-BIT" Name="zed_tpg_wrapper.bit"/>
  <File Type="BG-BIN" Name="zed_tpg_wrapper.bin"/>
  <File Type="BITSTR-MSK" Name="zed_tpg_wrapper.msk"/>
  <File Type="BITSTR-RBT" Name="zed_tpg_wrapper.rbt"/>
  <File Type="BITSTR-NKY" Name="zed_tpg_wrapper.nky"/>
  <File Type="BITSTR-BMM" Name="zed_tpg_wrapper_bd.bmm"/>
  <File Type="BITSTR-MMI" Name="zed_tpg_wrapper.mmi"/>
  <File Type="BITSTR-SYSDEF" Name="zed_tpg_wrapper.sysdef"/>
  <File Type="BG-BGN" Name="zed_tpg_wrapper.bgn"/>
  <File Type="BG-DRC" Name="zed_tpg_wrapper.drc"/>
  <File Type="WBT-USG" Name="usage_statistics_webtalk.html"/>
  <FileSet Name="sources" Type="DesignSrcs" RelSrcDir="$PSRCDIR/sources_1">
    <Filter Type="Srcs"/>
    <File Path="$PSRCDIR/sources_1/bd/zed_tpg/zed_tpg.bd">
      <FileInfo>
        <Attr Name="ImportPath" Val="$PPRDIR/../../../../../../../../../../hdl_projects/zed_test/zed_test.srcs/sources_1/bd/zed_tpg/zed_tpg.bd"/>
        <Attr Name="ImportTime" Val="1454266203"/>
        <Attr Name="UsedIn" Val="synthesis"/>
        <Attr Name="UsedIn" Val="implementation"/>
        <Attr Name="UsedIn" Val="simulation"/>
      </FileInfo>
    </File>
    <File Path="$PSRCDIR/sources_1/bd/zed_tpg/hdl/zed_tpg_wrapper.vhd">
      <FileInfo>
        <Attr Name="ImportPath" Val="$PPRDIR/../../../../../../../../../../hdl_projects/zed_test/zed_test.srcs/sources_1/bd/zed_tpg/hdl/zed_tpg_wrapper.vhd"/>
        <Attr Name="ImportTime" Val="1454273335"/>
        <Attr Name="UsedIn" Val="synthesis"/>
        <Attr Name="UsedIn" Val="simulation"/>
      </FileInfo>
    </File>
    <File Path="$PSRCDIR/sources_1/bd/zed_tpg/ip/zed_tpg_util_vector_logic_0_0/zed_tpg_util_vector_logic_0_0.upgrade_log">
      <FileInfo>
        <Attr Name="ImportPath" Val="$PPRDIR/../../../../../../../../../../hdl_projects/zed_test/zed_test.srcs/sources_1/bd/zed_tpg/ip/zed_tpg_util_vector_logic_0_0/zed_tpg_util_vector_logic_0_0.upgrade_log"/>
        <Attr Name="ImportTime" Val="1453633513"/>
      </FileInfo>
    </File>
    <File Path="$PSRCDIR/sources_1/bd/zed_tpg/ip/zed_tpg_v_axi4s_vid_out_0_0/zed_tpg_v_axi4s_vid_out_0_0.upgrade_log">
      <FileInfo>
        <Attr Name="ImportPath" Val="$PPRDIR/../../../../../../../../../../hdl_projects/zed_test/zed_test.srcs/sources_1/bd/zed_tpg/ip/zed_tpg_v_axi4s_vid_out_0_0/zed_tpg_v_axi4s_vid_out_0_0.upgrade_log"/>
        <Attr Name="ImportTime" Val="1453633514"/>
      </FileInfo>
    </File>
    <File Path="$PSRCDIR/sources_1/bd/zed_tpg/ip/zed_tpg_v_tc_0_0/zed_tpg_v_tc_0_0.upgrade_log">
      <FileInfo>
        <Attr Name="ImportPath" Val="$PPRDIR/../../../../../../../../../../hdl_projects/zed_test/zed_test.srcs/sources_1/bd/zed_tpg/ip/zed_tpg_v_tc_0_0/zed_tpg_v_tc_0_0.upgrade_log"/>
        <Attr Name="ImportTime" Val="1453633515"/>
      </FileInfo>
    </File>
    <File Path="$PSRCDIR/sources_1/bd/zed_tpg/ip/zed_tpg_v_tpg_0_0/zed_tpg_v_tpg_0_0.upgrade_log">
      <FileInfo>
        <Attr Name="ImportPath" Val="$PPRDIR/../../../../../../../../../../hdl_projects/zed_test/zed_test.srcs/sources_1/bd/zed_tpg/ip/zed_tpg_v_tpg_0_0/zed_tpg_v_tpg_0_0.upgrade_log"/>
        <Attr Name="ImportTime" Val="1453633517"/>
      </FileInfo>
    </File>
    <File Path="$PSRCDIR/sources_1/bd/zed_tpg/ip/zed_tpg_xlconstant_0_1/zed_tpg_xlconstant_0_1.upgrade_log">
      <FileInfo>
        <Attr Name="ImportPath" Val="$PPRDIR/../../../../../../../../../../hdl_projects/zed_test/zed_test.srcs/sources_1/bd/zed_tpg/ip/zed_tpg_xlconstant_0_1/zed_tpg_xlconstant_0_1.upgrade_log"/>
        <Attr Name="ImportTime" Val="1453633517"/>
      </FileInfo>
    </File>
    <File Path="$PSRCDIR/sources_1/bd/zed_tpg/ip/zed_tpg_xlslice_0_0/zed_tpg_xlslice_0_0.upgrade_log">
      <FileInfo>
        <Attr Name="ImportPath" Val="$PPRDIR/../../../../../../../../../../hdl_projects/zed_test/zed_test.srcs/sources_1/bd/zed_tpg/ip/zed_tpg_xlslice_0_0/zed_tpg_xlslice_0_0.upgrade_log"/>
        <Attr Name="ImportTime" Val="1453633517"/>
      </FileInfo>
    </File>
    <File Path="$PSRCDIR/sources_1/bd/zed_tpg/ip/zed_tpg_xlslice_0_1/zed_tpg_xlslice_0_1.upgrade_log">
      <FileInfo>
        <Attr Name="ImportPath" Val="$PPRDIR/../../../../../../../../../../hdl_projects/zed_test/zed_test.srcs/sources_1/bd/zed_tpg/ip/zed_tpg_xlslice_0_1/zed_tpg_xlslice_0_1.upgrade_log"/>
        <Attr Name="ImportTime" Val="1453633518"/>
      </FileInfo>
    </File>
    <File Path="$PSRCDIR/sources_1/bd/zed_tpg/ip/zed_tpg_xlslice_1_0/zed_tpg_xlslice_1_0.upgrade_log">
      <FileInfo>
        <Attr Name="ImportPath" Val="$PPRDIR/../../../../../../../../../../hdl_projects/zed_test/zed_test.srcs/sources_1/bd/zed_tpg/ip/zed_tpg_xlslice_1_0/zed_tpg_xlslice_1_0.upgrade_log"/>
        <Attr Name="ImportTime" Val="1453633518"/>
      </FileInfo>
    </File>
    <Config>
      <Option Name="DesignMode" Val="RTL"/>
      <Option Name="TopModule" Val="zed_tpg_wrapper"/>
      <Option Name="TopAutoSet" Val="TRUE"/>
    </Config>
  </FileSet>
  <FileSet Name="constrs_in" Type="Constrs" RelSrcDir="$PSRCDIR/constrs_1">
    <Filter Type="Constrs"/>
    <File Path="$PPRDIR/../../../../../../../../Downloads/zedboard_master_XDC_RevC_D_v2/zedboard_master_XDC_RevC_D_v2.xdc">
      <FileInfo>
        <Attr Name="UsedIn" Val="synthesis"/>
        <Attr Name="UsedIn" Val="implementation"/>
      </FileInfo>
    </File>
    <Config>
      <Option Name="ConstrsType" Val="XDC"/>
    </Config>
  </FileSet>
  <Strategy Version="1" Minor="2">
    <StratHandle Name="Vivado Implementation Defaults" Flow="Vivado Implementation 2015"/>
    <Step Id="init_design"/>
    <Step Id="opt_design"/>
    <Step Id="power_opt_design"/>
    <Step Id="place_design"/>
    <Step Id="post_place_power_opt_design"/>
    <Step Id="phys_opt_design"/>
    <Step Id="route_design"/>
    <Step Id="post_route_phys_opt_design"/>
    <Step Id="write_bitstream"/>
  </Strategy>
</GenRun>
