<?xml version="1.0" encoding="UTF-8"?>
<!-- Product Version: Vivado v2015.4 (64-bit)                     -->
<!--                                                              -->
<!-- Copyright 1986-2015 Xilinx, Inc. All Rights Reserved.        -->

<hwsession version="1" minor="1">
  <device name="xc7z020_1" gui_info="dashboard1=hw_ila_3[xc7z020_1/hw_ila_3/Trigger Setup=ILA_TRIGGER_1;xc7z020_1/hw_ila_3/Waveform=ILA_WAVE_1;xc7z020_1/hw_ila_3/Status=ILA_STATUS_1;xc7z020_1/hw_ila_3/Settings=ILA_SETTINGS_1;xc7z020_1/hw_ila_3/Capture Setup=ILA_CAPTURE_1;],dashboard2=hw_ila_5[xc7z020_1/hw_ila_5/Settings=ILA_SETTINGS_1;xc7z020_1/hw_ila_5/Capture Setup=ILA_CAPTURE_1;xc7z020_1/hw_ila_5/Waveform=ILA_WAVE_1;xc7z020_1/hw_ila_5/Trigger Setup=ILA_TRIGGER_1;xc7z020_1/hw_ila_5/Status=ILA_STATUS_1;]"/>
  <ObjectList object_type="hw_device" gui_info="">
    <Object name="xc7z020_1" gui_info="">
      <Properties Property="PROBES.FILE" value="$_project_name_.runs/impl_1/debug_nets.ltx"/>
      <Properties Property="PROGRAM.HW_BITSTREAM" value="$_project_name_.runs/impl_1/zed_tpg_wrapper.bit"/>
    </Object>
  </ObjectList>
  <ObjectList object_type="hw_ila" gui_info="">
    <Object name="zed_tpg_i/ila_0" gui_info="">
      <Properties Property="CONTROL.DATA_DEPTH" value="32"/>
      <Properties Property="CONTROL.TRIGGER_CONDITION" value="AND"/>
      <Properties Property="CONTROL.TRIGGER_POSITION" value="16"/>
      <Properties Property="CONTROL.WINDOW_COUNT" value="2"/>
      <Properties Property="CORE_REFRESH_RATE_MS" value="500"/>
    </Object>
    <Object name="zed_tpg_i/ila_1" gui_info="">
      <Properties Property="CONTROL.TRIGGER_CONDITION" value="AND"/>
      <Properties Property="CORE_REFRESH_RATE_MS" value="500"/>
    </Object>
    <Object name="zed_tpg_i/ila_2" gui_info="">
      <Properties Property="CONTROL.TRIGGER_CONDITION" value="AND"/>
      <Properties Property="CONTROL.TRIGGER_POSITION" value="20"/>
      <Properties Property="CORE_REFRESH_RATE_MS" value="500"/>
    </Object>
    <Object name="zed_tpg_i/ila_3" gui_info="">
      <Properties Property="CONTROL.TRIGGER_CONDITION" value="AND"/>
      <Properties Property="CORE_REFRESH_RATE_MS" value="500"/>
    </Object>
    <Object name="zed_tpg_i/ila_4" gui_info="">
      <Properties Property="CONTROL.TRIGGER_CONDITION" value="AND"/>
      <Properties Property="CORE_REFRESH_RATE_MS" value="500"/>
    </Object>
  </ObjectList>
  <ObjectList object_type="hw_probe" gui_info="">
    <Object name="zed_tpg_i/axi_vdma_0_M_AXIS_MM2S_TUSER" gui_info="Trigger Setup=0"/>
    <Object name="zed_tpg_i/v_axi4s_vid_out_0_vtg_ce" gui_info=""/>
    <Object name="zed_tpg_i/v_tc_0_hsync_out" gui_info=""/>
    <Object name="zed_tpg_i/v_tc_0_vsync_out" gui_info="Trigger Setup=0"/>
    <Object name="zed_tpg_i/v_tpg_0_m_axis_video_TUSER" gui_info=""/>
    <Object name="zed_tpg_i/v_tpg_0_m_axis_video_TVALID" gui_info="Trigger Setup=0"/>
  </ObjectList>
  <ObjectList object_type="hw_sysmon" gui_info="">
    <Object name="XADC" gui_info="dashboard_1=[TEMPERATURE=-65281;SCAN_RATE=1000;TRACK_TIME=1;]"/>
  </ObjectList>
  <probeset name="hw project" active="false">
    <probe type="ila" busType="bus" source="netlist" spec="ILA_V2_RT">
      <probeOptions Id="DebugProbeParams">
        <Option Id="CAPTURE_COMPARE_VALUE" value="eq24&apos;hXX_XXXX"/>
        <Option Id="COMPARE_VALUE.0" value="eq24&apos;hXX_XXXX"/>
        <Option Id="DISPLAY_HINT" value=""/>
        <Option Id="DISPLAY_VISIBILITY" value=""/>
        <Option Id="HW_ILA" value="hw_ila_3"/>
        <Option Id="NAME.CUSTOM" value=""/>
        <Option Id="NAME.SELECT" value="Long"/>
        <Option Id="TRIGGER_COMPARE_VALUE" value="eq24&apos;hXX_XXXX"/>
      </probeOptions>
      <nets>
        <net name="zed_tpg_i/axi_vdma_0_M_AXIS_MM2S_TDATA[23]"/>
        <net name="zed_tpg_i/axi_vdma_0_M_AXIS_MM2S_TDATA[22]"/>
        <net name="zed_tpg_i/axi_vdma_0_M_AXIS_MM2S_TDATA[21]"/>
        <net name="zed_tpg_i/axi_vdma_0_M_AXIS_MM2S_TDATA[20]"/>
        <net name="zed_tpg_i/axi_vdma_0_M_AXIS_MM2S_TDATA[19]"/>
        <net name="zed_tpg_i/axi_vdma_0_M_AXIS_MM2S_TDATA[18]"/>
        <net name="zed_tpg_i/axi_vdma_0_M_AXIS_MM2S_TDATA[17]"/>
        <net name="zed_tpg_i/axi_vdma_0_M_AXIS_MM2S_TDATA[16]"/>
        <net name="zed_tpg_i/axi_vdma_0_M_AXIS_MM2S_TDATA[15]"/>
        <net name="zed_tpg_i/axi_vdma_0_M_AXIS_MM2S_TDATA[14]"/>
        <net name="zed_tpg_i/axi_vdma_0_M_AXIS_MM2S_TDATA[13]"/>
        <net name="zed_tpg_i/axi_vdma_0_M_AXIS_MM2S_TDATA[12]"/>
        <net name="zed_tpg_i/axi_vdma_0_M_AXIS_MM2S_TDATA[11]"/>
        <net name="zed_tpg_i/axi_vdma_0_M_AXIS_MM2S_TDATA[10]"/>
        <net name="zed_tpg_i/axi_vdma_0_M_AXIS_MM2S_TDATA[9]"/>
        <net name="zed_tpg_i/axi_vdma_0_M_AXIS_MM2S_TDATA[8]"/>
        <net name="zed_tpg_i/axi_vdma_0_M_AXIS_MM2S_TDATA[7]"/>
        <net name="zed_tpg_i/axi_vdma_0_M_AXIS_MM2S_TDATA[6]"/>
        <net name="zed_tpg_i/axi_vdma_0_M_AXIS_MM2S_TDATA[5]"/>
        <net name="zed_tpg_i/axi_vdma_0_M_AXIS_MM2S_TDATA[4]"/>
        <net name="zed_tpg_i/axi_vdma_0_M_AXIS_MM2S_TDATA[3]"/>
        <net name="zed_tpg_i/axi_vdma_0_M_AXIS_MM2S_TDATA[2]"/>
        <net name="zed_tpg_i/axi_vdma_0_M_AXIS_MM2S_TDATA[1]"/>
        <net name="zed_tpg_i/axi_vdma_0_M_AXIS_MM2S_TDATA[0]"/>
      </nets>
    </probe>
    <probe type="ila" busType="net" source="netlist" spec="ILA_V2_RT">
      <probeOptions Id="DebugProbeParams">
        <Option Id="CAPTURE_COMPARE_VALUE" value="eq32&apos;hXXXX_XXXX"/>
        <Option Id="COMPARE_VALUE.0" value="eq32&apos;hXXXX_XXXX"/>
        <Option Id="DISPLAY_HINT" value=""/>
        <Option Id="DISPLAY_VISIBILITY" value=""/>
        <Option Id="HW_ILA" value="hw_ila_3"/>
        <Option Id="NAME.CUSTOM" value=""/>
        <Option Id="NAME.SELECT" value="Long"/>
        <Option Id="TRIGGER_COMPARE_VALUE" value="eq32&apos;hXXXX_XXXX"/>
      </probeOptions>
      <nets>
        <net name="zed_tpg_i/axi_vdma_0_M_AXIS_MM2S_TDATA[31]"/>
        <net name="zed_tpg_i/axi_vdma_0_M_AXIS_MM2S_TDATA[30]"/>
        <net name="zed_tpg_i/axi_vdma_0_M_AXIS_MM2S_TDATA[29]"/>
        <net name="zed_tpg_i/axi_vdma_0_M_AXIS_MM2S_TDATA[28]"/>
        <net name="zed_tpg_i/axi_vdma_0_M_AXIS_MM2S_TDATA[27]"/>
        <net name="zed_tpg_i/axi_vdma_0_M_AXIS_MM2S_TDATA[26]"/>
        <net name="zed_tpg_i/axi_vdma_0_M_AXIS_MM2S_TDATA[25]"/>
        <net name="zed_tpg_i/axi_vdma_0_M_AXIS_MM2S_TDATA[24]"/>
        <net name="zed_tpg_i/axi_vdma_0_M_AXIS_MM2S_TDATA[23]"/>
        <net name="zed_tpg_i/axi_vdma_0_M_AXIS_MM2S_TDATA[22]"/>
        <net name="zed_tpg_i/axi_vdma_0_M_AXIS_MM2S_TDATA[21]"/>
        <net name="zed_tpg_i/axi_vdma_0_M_AXIS_MM2S_TDATA[20]"/>
        <net name="zed_tpg_i/axi_vdma_0_M_AXIS_MM2S_TDATA[19]"/>
        <net name="zed_tpg_i/axi_vdma_0_M_AXIS_MM2S_TDATA[18]"/>
        <net name="zed_tpg_i/axi_vdma_0_M_AXIS_MM2S_TDATA[17]"/>
        <net name="zed_tpg_i/axi_vdma_0_M_AXIS_MM2S_TDATA[16]"/>
        <net name="zed_tpg_i/axi_vdma_0_M_AXIS_MM2S_TDATA[15]"/>
        <net name="zed_tpg_i/axi_vdma_0_M_AXIS_MM2S_TDATA[14]"/>
        <net name="zed_tpg_i/axi_vdma_0_M_AXIS_MM2S_TDATA[13]"/>
        <net name="zed_tpg_i/axi_vdma_0_M_AXIS_MM2S_TDATA[12]"/>
        <net name="zed_tpg_i/axi_vdma_0_M_AXIS_MM2S_TDATA[11]"/>
        <net name="zed_tpg_i/axi_vdma_0_M_AXIS_MM2S_TDATA[10]"/>
        <net name="zed_tpg_i/axi_vdma_0_M_AXIS_MM2S_TDATA[9]"/>
        <net name="zed_tpg_i/axi_vdma_0_M_AXIS_MM2S_TDATA[8]"/>
        <net name="zed_tpg_i/axi_vdma_0_M_AXIS_MM2S_TDATA[7]"/>
        <net name="zed_tpg_i/axi_vdma_0_M_AXIS_MM2S_TDATA[6]"/>
        <net name="zed_tpg_i/axi_vdma_0_M_AXIS_MM2S_TDATA[5]"/>
        <net name="zed_tpg_i/axi_vdma_0_M_AXIS_MM2S_TDATA[4]"/>
        <net name="zed_tpg_i/axi_vdma_0_M_AXIS_MM2S_TDATA[3]"/>
        <net name="zed_tpg_i/axi_vdma_0_M_AXIS_MM2S_TDATA[2]"/>
        <net name="zed_tpg_i/axi_vdma_0_M_AXIS_MM2S_TDATA[1]"/>
        <net name="zed_tpg_i/axi_vdma_0_M_AXIS_MM2S_TDATA[0]"/>
      </nets>
    </probe>
    <probe type="ila" busType="net" source="netlist" spec="ILA_V2_RT">
      <probeOptions Id="DebugProbeParams">
        <Option Id="CAPTURE_COMPARE_VALUE" value="eq1&apos;hX"/>
        <Option Id="COMPARE_VALUE.0" value="eq1&apos;hX"/>
        <Option Id="DISPLAY_HINT" value=""/>
        <Option Id="DISPLAY_VISIBILITY" value=""/>
        <Option Id="HW_ILA" value="hw_ila_3"/>
        <Option Id="NAME.CUSTOM" value=""/>
        <Option Id="NAME.SELECT" value="Long"/>
        <Option Id="TRIGGER_COMPARE_VALUE" value="eq1&apos;hX"/>
      </probeOptions>
      <nets>
        <net name="zed_tpg_i/axi_vdma_0_M_AXIS_MM2S_TLAST"/>
      </nets>
    </probe>
    <probe type="ila" busType="net" source="netlist" spec="ILA_V2_RT">
      <probeOptions Id="DebugProbeParams">
        <Option Id="CAPTURE_COMPARE_VALUE" value="eq1&apos;hX"/>
        <Option Id="COMPARE_VALUE.0" value="eq1&apos;hX"/>
        <Option Id="DISPLAY_HINT" value=""/>
        <Option Id="DISPLAY_VISIBILITY" value=""/>
        <Option Id="HW_ILA" value="hw_ila_3"/>
        <Option Id="NAME.CUSTOM" value=""/>
        <Option Id="NAME.SELECT" value="Long"/>
        <Option Id="TRIGGER_COMPARE_VALUE" value="eq1&apos;hX"/>
      </probeOptions>
      <nets>
        <net name="zed_tpg_i/axi_vdma_0_M_AXIS_MM2S_TREADY"/>
      </nets>
    </probe>
    <probe type="ila" busType="net" source="netlist" spec="ILA_V2_RT">
      <probeOptions Id="DebugProbeParams">
        <Option Id="CAPTURE_COMPARE_VALUE" value="eq1&apos;hX"/>
        <Option Id="COMPARE_VALUE.0" value="eq1&apos;bR"/>
        <Option Id="DISPLAY_HINT" value=""/>
        <Option Id="DISPLAY_VISIBILITY" value=""/>
        <Option Id="HW_ILA" value="hw_ila_3"/>
        <Option Id="NAME.CUSTOM" value=""/>
        <Option Id="NAME.SELECT" value="Long"/>
        <Option Id="TRIGGER_COMPARE_VALUE" value="eq1&apos;bR"/>
      </probeOptions>
      <nets>
        <net name="zed_tpg_i/axi_vdma_0_M_AXIS_MM2S_TUSER"/>
      </nets>
    </probe>
    <probe type="ila" busType="net" source="netlist" spec="ILA_V2_RT">
      <probeOptions Id="DebugProbeParams">
        <Option Id="CAPTURE_COMPARE_VALUE" value="eq1&apos;hX"/>
        <Option Id="COMPARE_VALUE.0" value="eq1&apos;hX"/>
        <Option Id="DISPLAY_HINT" value=""/>
        <Option Id="DISPLAY_VISIBILITY" value=""/>
        <Option Id="HW_ILA" value="hw_ila_3"/>
        <Option Id="NAME.CUSTOM" value=""/>
        <Option Id="NAME.SELECT" value="Long"/>
        <Option Id="TRIGGER_COMPARE_VALUE" value="eq1&apos;hX"/>
      </probeOptions>
      <nets>
        <net name="zed_tpg_i/axi_vdma_0_M_AXIS_MM2S_TVALID"/>
      </nets>
    </probe>
    <probe type="ila" busType="net" source="netlist" spec="ILA_V2_RT">
      <probeOptions Id="DebugProbeParams">
        <Option Id="CAPTURE_COMPARE_VALUE" value="eq1&apos;hX"/>
        <Option Id="COMPARE_VALUE.0" value="eq1&apos;hX"/>
        <Option Id="DISPLAY_HINT" value=""/>
        <Option Id="DISPLAY_VISIBILITY" value=""/>
        <Option Id="HW_ILA" value="hw_ila_5"/>
        <Option Id="NAME.CUSTOM" value=""/>
        <Option Id="NAME.SELECT" value="Long"/>
        <Option Id="TRIGGER_COMPARE_VALUE" value="eq1&apos;hX"/>
      </probeOptions>
      <nets>
        <net name="zed_tpg_i/n_3_0"/>
      </nets>
    </probe>
    <probe type="ila" busType="net" source="netlist" spec="ILA_V2_RT">
      <probeOptions Id="DebugProbeParams">
        <Option Id="CAPTURE_COMPARE_VALUE" value="eq1&apos;hX"/>
        <Option Id="COMPARE_VALUE.0" value="eq1&apos;hX"/>
        <Option Id="DISPLAY_HINT" value=""/>
        <Option Id="DISPLAY_VISIBILITY" value=""/>
        <Option Id="HW_ILA" value="hw_ila_5"/>
        <Option Id="NAME.CUSTOM" value=""/>
        <Option Id="NAME.SELECT" value="Long"/>
        <Option Id="TRIGGER_COMPARE_VALUE" value="eq1&apos;hX"/>
      </probeOptions>
      <nets>
        <net name="zed_tpg_i/n_3_1"/>
      </nets>
    </probe>
    <probe type="ila" busType="net" source="netlist" spec="ILA_V2_RT">
      <probeOptions Id="DebugProbeParams">
        <Option Id="CAPTURE_COMPARE_VALUE" value="eq1&apos;hX"/>
        <Option Id="COMPARE_VALUE.0" value="eq1&apos;hX"/>
        <Option Id="DISPLAY_HINT" value=""/>
        <Option Id="DISPLAY_VISIBILITY" value=""/>
        <Option Id="HW_ILA" value="hw_ila_5"/>
        <Option Id="NAME.CUSTOM" value=""/>
        <Option Id="NAME.SELECT" value="Long"/>
        <Option Id="TRIGGER_COMPARE_VALUE" value="eq1&apos;hX"/>
      </probeOptions>
      <nets>
        <net name="zed_tpg_i/n_3_2"/>
      </nets>
    </probe>
    <probe type="ila" busType="net" source="netlist" spec="ILA_V2_RT">
      <probeOptions Id="DebugProbeParams">
        <Option Id="CAPTURE_COMPARE_VALUE" value="eq1&apos;hX"/>
        <Option Id="COMPARE_VALUE.0" value="eq1&apos;hX"/>
        <Option Id="DISPLAY_HINT" value=""/>
        <Option Id="DISPLAY_VISIBILITY" value=""/>
        <Option Id="HW_ILA" value="hw_ila_5"/>
        <Option Id="NAME.CUSTOM" value=""/>
        <Option Id="NAME.SELECT" value="Long"/>
        <Option Id="TRIGGER_COMPARE_VALUE" value="eq1&apos;hX"/>
      </probeOptions>
      <nets>
        <net name="zed_tpg_i/n_3_6"/>
      </nets>
    </probe>
    <probe type="ila" busType="net" source="netlist" spec="ILA_V2_RT">
      <probeOptions Id="DebugProbeParams">
        <Option Id="CAPTURE_COMPARE_VALUE" value="eq1&apos;hX"/>
        <Option Id="COMPARE_VALUE.0" value="eq1&apos;hX"/>
        <Option Id="DISPLAY_HINT" value=""/>
        <Option Id="DISPLAY_VISIBILITY" value=""/>
        <Option Id="HW_ILA" value="hw_ila_5"/>
        <Option Id="NAME.CUSTOM" value=""/>
        <Option Id="NAME.SELECT" value="Long"/>
        <Option Id="TRIGGER_COMPARE_VALUE" value="eq1&apos;hX"/>
      </probeOptions>
      <nets>
        <net name="zed_tpg_i/n_3_7"/>
      </nets>
    </probe>
    <probe type="ila" busType="net" source="netlist" spec="ILA_V2_RT">
      <probeOptions Id="DebugProbeParams">
        <Option Id="CAPTURE_COMPARE_VALUE" value="eq1&apos;hX"/>
        <Option Id="COMPARE_VALUE.0" value="eq1&apos;hX"/>
        <Option Id="DISPLAY_HINT" value=""/>
        <Option Id="DISPLAY_VISIBILITY" value=""/>
        <Option Id="HW_ILA" value="hw_ila_5"/>
        <Option Id="NAME.CUSTOM" value=""/>
        <Option Id="NAME.SELECT" value="Long"/>
        <Option Id="TRIGGER_COMPARE_VALUE" value="eq1&apos;hX"/>
      </probeOptions>
      <nets>
        <net name="zed_tpg_i/n_3_8"/>
      </nets>
    </probe>
    <probe type="ila" busType="net" source="netlist" spec="ILA_V2_RT">
      <probeOptions Id="DebugProbeParams">
        <Option Id="CAPTURE_COMPARE_VALUE" value="eq1&apos;hX"/>
        <Option Id="COMPARE_VALUE.0" value="eq1&apos;hX"/>
        <Option Id="DISPLAY_HINT" value=""/>
        <Option Id="DISPLAY_VISIBILITY" value=""/>
        <Option Id="HW_ILA" value="hw_ila_5"/>
        <Option Id="NAME.CUSTOM" value=""/>
        <Option Id="NAME.SELECT" value="Long"/>
        <Option Id="TRIGGER_COMPARE_VALUE" value="eq1&apos;hX"/>
      </probeOptions>
      <nets>
        <net name="zed_tpg_i/n_3_9"/>
      </nets>
    </probe>
    <probe type="ila" busType="bus" source="netlist" spec="ILA_V2_RT">
      <probeOptions Id="DebugProbeParams">
        <Option Id="CAPTURE_COMPARE_VALUE" value="eq3&apos;hX"/>
        <Option Id="COMPARE_VALUE.0" value="eq3&apos;hX"/>
        <Option Id="DISPLAY_HINT" value=""/>
        <Option Id="DISPLAY_VISIBILITY" value=""/>
        <Option Id="HW_ILA" value="hw_ila_3"/>
        <Option Id="NAME.CUSTOM" value=""/>
        <Option Id="NAME.SELECT" value="Long"/>
        <Option Id="TRIGGER_COMPARE_VALUE" value="eq3&apos;hX"/>
      </probeOptions>
      <nets>
        <net name="zed_tpg_i/probe2[2]"/>
        <net name="zed_tpg_i/probe2[1]"/>
        <net name="zed_tpg_i/probe2[0]"/>
      </nets>
    </probe>
    <probe type="ila" busType="net" source="netlist" spec="ILA_V2_RT">
      <probeOptions Id="DebugProbeParams">
        <Option Id="CAPTURE_COMPARE_VALUE" value="eq4&apos;hX"/>
        <Option Id="COMPARE_VALUE.0" value="eq4&apos;hX"/>
        <Option Id="DISPLAY_HINT" value=""/>
        <Option Id="DISPLAY_VISIBILITY" value=""/>
        <Option Id="HW_ILA" value="hw_ila_3"/>
        <Option Id="NAME.CUSTOM" value=""/>
        <Option Id="NAME.SELECT" value="Long"/>
        <Option Id="TRIGGER_COMPARE_VALUE" value="eq4&apos;hX"/>
      </probeOptions>
      <nets>
        <net name="zed_tpg_i/probe2[3]"/>
        <net name="zed_tpg_i/probe2[2]"/>
        <net name="zed_tpg_i/probe2[1]"/>
        <net name="zed_tpg_i/probe2[0]"/>
      </nets>
    </probe>
    <probe type="ila" busType="bus" source="netlist" spec="ILA_V2_RT">
      <probeOptions Id="DebugProbeParams">
        <Option Id="CAPTURE_COMPARE_VALUE" value="eq3&apos;hX"/>
        <Option Id="COMPARE_VALUE.0" value="eq3&apos;hX"/>
        <Option Id="DISPLAY_HINT" value=""/>
        <Option Id="DISPLAY_VISIBILITY" value=""/>
        <Option Id="HW_ILA" value="hw_ila_3"/>
        <Option Id="NAME.CUSTOM" value=""/>
        <Option Id="NAME.SELECT" value="Long"/>
        <Option Id="TRIGGER_COMPARE_VALUE" value="eq3&apos;hX"/>
      </probeOptions>
      <nets>
        <net name="zed_tpg_i/probe6[2]"/>
        <net name="zed_tpg_i/probe6[1]"/>
        <net name="zed_tpg_i/probe6[0]"/>
      </nets>
    </probe>
    <probe type="ila" busType="net" source="netlist" spec="ILA_V2_RT">
      <probeOptions Id="DebugProbeParams">
        <Option Id="CAPTURE_COMPARE_VALUE" value="eq4&apos;hX"/>
        <Option Id="COMPARE_VALUE.0" value="eq4&apos;hX"/>
        <Option Id="DISPLAY_HINT" value=""/>
        <Option Id="DISPLAY_VISIBILITY" value=""/>
        <Option Id="HW_ILA" value="hw_ila_3"/>
        <Option Id="NAME.CUSTOM" value=""/>
        <Option Id="NAME.SELECT" value="Long"/>
        <Option Id="TRIGGER_COMPARE_VALUE" value="eq4&apos;hX"/>
      </probeOptions>
      <nets>
        <net name="zed_tpg_i/probe6[3]"/>
        <net name="zed_tpg_i/probe6[2]"/>
        <net name="zed_tpg_i/probe6[1]"/>
        <net name="zed_tpg_i/probe6[0]"/>
      </nets>
    </probe>
    <probe type="ila" busType="net" source="netlist" spec="ILA_V2_RT">
      <probeOptions Id="DebugProbeParams">
        <Option Id="CAPTURE_COMPARE_VALUE" value="eq1&apos;hX"/>
        <Option Id="COMPARE_VALUE.0" value="eq1&apos;hX"/>
        <Option Id="DISPLAY_HINT" value=""/>
        <Option Id="DISPLAY_VISIBILITY" value=""/>
        <Option Id="HW_ILA" value="hw_ila_3"/>
        <Option Id="NAME.CUSTOM" value=""/>
        <Option Id="NAME.SELECT" value="Long"/>
        <Option Id="TRIGGER_COMPARE_VALUE" value="eq1&apos;hX"/>
      </probeOptions>
      <nets>
        <net name="zed_tpg_i/probe7"/>
      </nets>
    </probe>
    <probe type="ila" busType="net" source="netlist" spec="ILA_V2_RT">
      <probeOptions Id="DebugProbeParams">
        <Option Id="CAPTURE_COMPARE_VALUE" value="eq1&apos;hX"/>
        <Option Id="COMPARE_VALUE.0" value="eq1&apos;hX"/>
        <Option Id="DISPLAY_HINT" value=""/>
        <Option Id="DISPLAY_VISIBILITY" value=""/>
        <Option Id="HW_ILA" value="hw_ila_3"/>
        <Option Id="NAME.CUSTOM" value=""/>
        <Option Id="NAME.SELECT" value="Long"/>
        <Option Id="TRIGGER_COMPARE_VALUE" value="eq1&apos;hX"/>
      </probeOptions>
      <nets>
        <net name="zed_tpg_i/probe8"/>
      </nets>
    </probe>
    <probe type="ila" busType="net" source="netlist" spec="ILA_V2_RT">
      <probeOptions Id="DebugProbeParams">
        <Option Id="CAPTURE_COMPARE_VALUE" value="eq1&apos;hX"/>
        <Option Id="COMPARE_VALUE.0" value="eq1&apos;hX"/>
        <Option Id="DISPLAY_HINT" value=""/>
        <Option Id="DISPLAY_VISIBILITY" value=""/>
        <Option Id="HW_ILA" value="hw_ila_2"/>
        <Option Id="NAME.CUSTOM" value=""/>
        <Option Id="NAME.SELECT" value="Long"/>
        <Option Id="TRIGGER_COMPARE_VALUE" value="eq1&apos;hX"/>
      </probeOptions>
      <nets>
        <net name="zed_tpg_i/v_axi4s_vid_out_0_locked"/>
      </nets>
    </probe>
    <probe type="ila" busType="net" source="netlist" spec="ILA_V2_RT">
      <probeOptions Id="DebugProbeParams">
        <Option Id="CAPTURE_COMPARE_VALUE" value="eq1&apos;hX"/>
        <Option Id="COMPARE_VALUE.0" value="eq1&apos;hX"/>
        <Option Id="DISPLAY_HINT" value=""/>
        <Option Id="DISPLAY_VISIBILITY" value=""/>
        <Option Id="HW_ILA" value="hw_ila_2"/>
        <Option Id="NAME.CUSTOM" value=""/>
        <Option Id="NAME.SELECT" value="Long"/>
        <Option Id="TRIGGER_COMPARE_VALUE" value="eq1&apos;hX"/>
      </probeOptions>
      <nets>
        <net name="zed_tpg_i/v_axi4s_vid_out_0_overflow"/>
      </nets>
    </probe>
    <probe type="ila" busType="bus" source="netlist" spec="ILA_V2_RT">
      <probeOptions Id="DebugProbeParams">
        <Option Id="CAPTURE_COMPARE_VALUE" value="eq32&apos;hXXXX_XXXX"/>
        <Option Id="COMPARE_VALUE.0" value="eq32&apos;hXXXX_XXXX"/>
        <Option Id="DISPLAY_HINT" value=""/>
        <Option Id="DISPLAY_VISIBILITY" value=""/>
        <Option Id="HW_ILA" value="hw_ila_4"/>
        <Option Id="NAME.CUSTOM" value=""/>
        <Option Id="NAME.SELECT" value="Long"/>
        <Option Id="TRIGGER_COMPARE_VALUE" value="eq32&apos;hXXXX_XXXX"/>
      </probeOptions>
      <nets>
        <net name="zed_tpg_i/v_axi4s_vid_out_0_status[31]"/>
        <net name="zed_tpg_i/v_axi4s_vid_out_0_status[30]"/>
        <net name="zed_tpg_i/v_axi4s_vid_out_0_status[29]"/>
        <net name="zed_tpg_i/v_axi4s_vid_out_0_status[28]"/>
        <net name="zed_tpg_i/v_axi4s_vid_out_0_status[27]"/>
        <net name="zed_tpg_i/v_axi4s_vid_out_0_status[26]"/>
        <net name="zed_tpg_i/v_axi4s_vid_out_0_status[25]"/>
        <net name="zed_tpg_i/v_axi4s_vid_out_0_status[24]"/>
        <net name="zed_tpg_i/v_axi4s_vid_out_0_status[23]"/>
        <net name="zed_tpg_i/v_axi4s_vid_out_0_status[22]"/>
        <net name="zed_tpg_i/v_axi4s_vid_out_0_status[21]"/>
        <net name="zed_tpg_i/v_axi4s_vid_out_0_status[20]"/>
        <net name="zed_tpg_i/v_axi4s_vid_out_0_status[19]"/>
        <net name="zed_tpg_i/v_axi4s_vid_out_0_status[18]"/>
        <net name="zed_tpg_i/v_axi4s_vid_out_0_status[17]"/>
        <net name="zed_tpg_i/v_axi4s_vid_out_0_status[16]"/>
        <net name="zed_tpg_i/v_axi4s_vid_out_0_status[15]"/>
        <net name="zed_tpg_i/v_axi4s_vid_out_0_status[14]"/>
        <net name="zed_tpg_i/v_axi4s_vid_out_0_status[13]"/>
        <net name="zed_tpg_i/v_axi4s_vid_out_0_status[12]"/>
        <net name="zed_tpg_i/v_axi4s_vid_out_0_status[11]"/>
        <net name="zed_tpg_i/v_axi4s_vid_out_0_status[10]"/>
        <net name="zed_tpg_i/v_axi4s_vid_out_0_status[9]"/>
        <net name="zed_tpg_i/v_axi4s_vid_out_0_status[8]"/>
        <net name="zed_tpg_i/v_axi4s_vid_out_0_status[7]"/>
        <net name="zed_tpg_i/v_axi4s_vid_out_0_status[6]"/>
        <net name="zed_tpg_i/v_axi4s_vid_out_0_status[5]"/>
        <net name="zed_tpg_i/v_axi4s_vid_out_0_status[4]"/>
        <net name="zed_tpg_i/v_axi4s_vid_out_0_status[3]"/>
        <net name="zed_tpg_i/v_axi4s_vid_out_0_status[2]"/>
        <net name="zed_tpg_i/v_axi4s_vid_out_0_status[1]"/>
        <net name="zed_tpg_i/v_axi4s_vid_out_0_status[0]"/>
      </nets>
    </probe>
    <probe type="ila" busType="net" source="netlist" spec="ILA_V2_RT">
      <probeOptions Id="DebugProbeParams">
        <Option Id="CAPTURE_COMPARE_VALUE" value="eq1&apos;hX"/>
        <Option Id="COMPARE_VALUE.0" value="eq1&apos;hX"/>
        <Option Id="DISPLAY_HINT" value=""/>
        <Option Id="DISPLAY_VISIBILITY" value=""/>
        <Option Id="HW_ILA" value="hw_ila_2"/>
        <Option Id="NAME.CUSTOM" value=""/>
        <Option Id="NAME.SELECT" value="Long"/>
        <Option Id="TRIGGER_COMPARE_VALUE" value="eq1&apos;hX"/>
      </probeOptions>
      <nets>
        <net name="zed_tpg_i/v_axi4s_vid_out_0_underflow"/>
      </nets>
    </probe>
    <probe type="ila" busType="net" source="netlist" spec="ILA_V2_RT">
      <probeOptions Id="DebugProbeParams">
        <Option Id="CAPTURE_COMPARE_VALUE" value="eq1&apos;hX"/>
        <Option Id="COMPARE_VALUE.0" value="eq1&apos;hX"/>
        <Option Id="DISPLAY_HINT" value=""/>
        <Option Id="DISPLAY_VISIBILITY" value=""/>
        <Option Id="HW_ILA" value="hw_ila_2"/>
        <Option Id="NAME.CUSTOM" value=""/>
        <Option Id="NAME.SELECT" value="Long"/>
        <Option Id="TRIGGER_COMPARE_VALUE" value="eq1&apos;hX"/>
      </probeOptions>
      <nets>
        <net name="zed_tpg_i/v_axi4s_vid_out_0_vid_hsync"/>
      </nets>
    </probe>
    <probe type="ila" busType="net" source="netlist" spec="ILA_V2_RT">
      <probeOptions Id="DebugProbeParams">
        <Option Id="CAPTURE_COMPARE_VALUE" value="eq1&apos;hX"/>
        <Option Id="COMPARE_VALUE.0" value="eq1&apos;hX"/>
        <Option Id="DISPLAY_HINT" value=""/>
        <Option Id="DISPLAY_VISIBILITY" value=""/>
        <Option Id="HW_ILA" value="hw_ila_2"/>
        <Option Id="NAME.CUSTOM" value=""/>
        <Option Id="NAME.SELECT" value="Long"/>
        <Option Id="TRIGGER_COMPARE_VALUE" value="eq1&apos;hX"/>
      </probeOptions>
      <nets>
        <net name="zed_tpg_i/v_axi4s_vid_out_0_vid_vsync"/>
      </nets>
    </probe>
    <probe type="ila" busType="net" source="netlist" spec="ILA_V2_RT">
      <probeOptions Id="DebugProbeParams">
        <Option Id="CAPTURE_COMPARE_VALUE" value="eq1&apos;hX"/>
        <Option Id="COMPARE_VALUE.0" value="eq1&apos;bX"/>
        <Option Id="DISPLAY_HINT" value=""/>
        <Option Id="DISPLAY_VISIBILITY" value=""/>
        <Option Id="HW_ILA" value="hw_ila_2"/>
        <Option Id="NAME.CUSTOM" value=""/>
        <Option Id="NAME.SELECT" value="Long"/>
        <Option Id="TRIGGER_COMPARE_VALUE" value="eq1&apos;bX"/>
      </probeOptions>
      <nets>
        <net name="zed_tpg_i/v_axi4s_vid_out_0_vtg_ce"/>
      </nets>
    </probe>
    <probe type="ila" busType="net" source="netlist" spec="ILA_V2_RT">
      <probeOptions Id="DebugProbeParams">
        <Option Id="CAPTURE_COMPARE_VALUE" value="eq1&apos;hX"/>
        <Option Id="COMPARE_VALUE.0" value="eq1&apos;hX"/>
        <Option Id="DISPLAY_HINT" value=""/>
        <Option Id="DISPLAY_VISIBILITY" value=""/>
        <Option Id="HW_ILA" value="hw_ila_1"/>
        <Option Id="NAME.CUSTOM" value=""/>
        <Option Id="NAME.SELECT" value="Long"/>
        <Option Id="TRIGGER_COMPARE_VALUE" value="eq1&apos;hX"/>
      </probeOptions>
      <nets>
        <net name="zed_tpg_i/v_tc_0_active_video_out"/>
      </nets>
    </probe>
    <probe type="ila" busType="net" source="netlist" spec="ILA_V2_RT">
      <probeOptions Id="DebugProbeParams">
        <Option Id="CAPTURE_COMPARE_VALUE" value="eq1&apos;hX"/>
        <Option Id="COMPARE_VALUE.0" value="eq1&apos;hX"/>
        <Option Id="DISPLAY_HINT" value=""/>
        <Option Id="DISPLAY_VISIBILITY" value=""/>
        <Option Id="HW_ILA" value="hw_ila_1"/>
        <Option Id="NAME.CUSTOM" value=""/>
        <Option Id="NAME.SELECT" value="Long"/>
        <Option Id="TRIGGER_COMPARE_VALUE" value="eq1&apos;hX"/>
      </probeOptions>
      <nets>
        <net name="zed_tpg_i/v_tc_0_hblank_out"/>
      </nets>
    </probe>
    <probe type="ila" busType="net" source="netlist" spec="ILA_V2_RT">
      <probeOptions Id="DebugProbeParams">
        <Option Id="CAPTURE_COMPARE_VALUE" value="eq1&apos;hX"/>
        <Option Id="COMPARE_VALUE.0" value="eq1&apos;bX"/>
        <Option Id="DISPLAY_HINT" value=""/>
        <Option Id="DISPLAY_VISIBILITY" value=""/>
        <Option Id="HW_ILA" value="hw_ila_1"/>
        <Option Id="NAME.CUSTOM" value=""/>
        <Option Id="NAME.SELECT" value="Long"/>
        <Option Id="TRIGGER_COMPARE_VALUE" value="eq1&apos;bX"/>
      </probeOptions>
      <nets>
        <net name="zed_tpg_i/v_tc_0_hsync_out"/>
      </nets>
    </probe>
    <probe type="ila" busType="net" source="netlist" spec="ILA_V2_RT">
      <probeOptions Id="DebugProbeParams">
        <Option Id="CAPTURE_COMPARE_VALUE" value="eq1&apos;hX"/>
        <Option Id="COMPARE_VALUE.0" value="eq1&apos;hX"/>
        <Option Id="DISPLAY_HINT" value=""/>
        <Option Id="DISPLAY_VISIBILITY" value=""/>
        <Option Id="HW_ILA" value="hw_ila_1"/>
        <Option Id="NAME.CUSTOM" value=""/>
        <Option Id="NAME.SELECT" value="Long"/>
        <Option Id="TRIGGER_COMPARE_VALUE" value="eq1&apos;hX"/>
      </probeOptions>
      <nets>
        <net name="zed_tpg_i/v_tc_0_vblank_out"/>
      </nets>
    </probe>
    <probe type="ila" busType="net" source="netlist" spec="ILA_V2_RT">
      <probeOptions Id="DebugProbeParams">
        <Option Id="CAPTURE_COMPARE_VALUE" value="eq1&apos;hX"/>
        <Option Id="COMPARE_VALUE.0" value="eq1&apos;bR"/>
        <Option Id="DISPLAY_HINT" value=""/>
        <Option Id="DISPLAY_VISIBILITY" value=""/>
        <Option Id="HW_ILA" value="hw_ila_1"/>
        <Option Id="NAME.CUSTOM" value=""/>
        <Option Id="NAME.SELECT" value="Long"/>
        <Option Id="TRIGGER_COMPARE_VALUE" value="eq1&apos;bR"/>
      </probeOptions>
      <nets>
        <net name="zed_tpg_i/v_tc_0_vsync_out"/>
      </nets>
    </probe>
    <probe type="ila" busType="bus" source="netlist" spec="ILA_V2_RT">
      <probeOptions Id="DebugProbeParams">
        <Option Id="CAPTURE_COMPARE_VALUE" value="eq24&apos;hXX_XXXX"/>
        <Option Id="COMPARE_VALUE.0" value="eq24&apos;hXX_XXXX"/>
        <Option Id="DISPLAY_HINT" value=""/>
        <Option Id="DISPLAY_VISIBILITY" value=""/>
        <Option Id="HW_ILA" value="hw_ila_5"/>
        <Option Id="NAME.CUSTOM" value=""/>
        <Option Id="NAME.SELECT" value="Long"/>
        <Option Id="TRIGGER_COMPARE_VALUE" value="eq24&apos;hXX_XXXX"/>
      </probeOptions>
      <nets>
        <net name="zed_tpg_i/v_tpg_0_m_axis_video_TDATA[23]"/>
        <net name="zed_tpg_i/v_tpg_0_m_axis_video_TDATA[22]"/>
        <net name="zed_tpg_i/v_tpg_0_m_axis_video_TDATA[21]"/>
        <net name="zed_tpg_i/v_tpg_0_m_axis_video_TDATA[20]"/>
        <net name="zed_tpg_i/v_tpg_0_m_axis_video_TDATA[19]"/>
        <net name="zed_tpg_i/v_tpg_0_m_axis_video_TDATA[18]"/>
        <net name="zed_tpg_i/v_tpg_0_m_axis_video_TDATA[17]"/>
        <net name="zed_tpg_i/v_tpg_0_m_axis_video_TDATA[16]"/>
        <net name="zed_tpg_i/v_tpg_0_m_axis_video_TDATA[15]"/>
        <net name="zed_tpg_i/v_tpg_0_m_axis_video_TDATA[14]"/>
        <net name="zed_tpg_i/v_tpg_0_m_axis_video_TDATA[13]"/>
        <net name="zed_tpg_i/v_tpg_0_m_axis_video_TDATA[12]"/>
        <net name="zed_tpg_i/v_tpg_0_m_axis_video_TDATA[11]"/>
        <net name="zed_tpg_i/v_tpg_0_m_axis_video_TDATA[10]"/>
        <net name="zed_tpg_i/v_tpg_0_m_axis_video_TDATA[9]"/>
        <net name="zed_tpg_i/v_tpg_0_m_axis_video_TDATA[8]"/>
        <net name="zed_tpg_i/v_tpg_0_m_axis_video_TDATA[7]"/>
        <net name="zed_tpg_i/v_tpg_0_m_axis_video_TDATA[6]"/>
        <net name="zed_tpg_i/v_tpg_0_m_axis_video_TDATA[5]"/>
        <net name="zed_tpg_i/v_tpg_0_m_axis_video_TDATA[4]"/>
        <net name="zed_tpg_i/v_tpg_0_m_axis_video_TDATA[3]"/>
        <net name="zed_tpg_i/v_tpg_0_m_axis_video_TDATA[2]"/>
        <net name="zed_tpg_i/v_tpg_0_m_axis_video_TDATA[1]"/>
        <net name="zed_tpg_i/v_tpg_0_m_axis_video_TDATA[0]"/>
      </nets>
    </probe>
    <probe type="ila" busType="bus" source="netlist" spec="ILA_V2_RT">
      <probeOptions Id="DebugProbeParams">
        <Option Id="CAPTURE_COMPARE_VALUE" value="eq3&apos;hX"/>
        <Option Id="COMPARE_VALUE.0" value="eq3&apos;hX"/>
        <Option Id="DISPLAY_HINT" value=""/>
        <Option Id="DISPLAY_VISIBILITY" value=""/>
        <Option Id="HW_ILA" value="hw_ila_5"/>
        <Option Id="NAME.CUSTOM" value=""/>
        <Option Id="NAME.SELECT" value="Long"/>
        <Option Id="TRIGGER_COMPARE_VALUE" value="eq3&apos;hX"/>
      </probeOptions>
      <nets>
        <net name="zed_tpg_i/v_tpg_0_m_axis_video_TKEEP[2]"/>
        <net name="zed_tpg_i/v_tpg_0_m_axis_video_TKEEP[1]"/>
        <net name="zed_tpg_i/v_tpg_0_m_axis_video_TKEEP[0]"/>
      </nets>
    </probe>
    <probe type="ila" busType="net" source="netlist" spec="ILA_V2_RT">
      <probeOptions Id="DebugProbeParams">
        <Option Id="CAPTURE_COMPARE_VALUE" value="eq1&apos;hX"/>
        <Option Id="COMPARE_VALUE.0" value="eq1&apos;hX"/>
        <Option Id="DISPLAY_HINT" value=""/>
        <Option Id="DISPLAY_VISIBILITY" value=""/>
        <Option Id="HW_ILA" value="hw_ila_5"/>
        <Option Id="NAME.CUSTOM" value=""/>
        <Option Id="NAME.SELECT" value="Long"/>
        <Option Id="TRIGGER_COMPARE_VALUE" value="eq1&apos;hX"/>
      </probeOptions>
      <nets>
        <net name="zed_tpg_i/v_tpg_0_m_axis_video_TLAST"/>
      </nets>
    </probe>
    <probe type="ila" busType="net" source="netlist" spec="ILA_V2_RT">
      <probeOptions Id="DebugProbeParams">
        <Option Id="CAPTURE_COMPARE_VALUE" value="eq1&apos;hX"/>
        <Option Id="COMPARE_VALUE.0" value="eq1&apos;hX"/>
        <Option Id="DISPLAY_HINT" value=""/>
        <Option Id="DISPLAY_VISIBILITY" value=""/>
        <Option Id="HW_ILA" value="hw_ila_5"/>
        <Option Id="NAME.CUSTOM" value=""/>
        <Option Id="NAME.SELECT" value="Long"/>
        <Option Id="TRIGGER_COMPARE_VALUE" value="eq1&apos;hX"/>
      </probeOptions>
      <nets>
        <net name="zed_tpg_i/v_tpg_0_m_axis_video_TREADY"/>
      </nets>
    </probe>
    <probe type="ila" busType="net" source="netlist" spec="ILA_V2_RT">
      <probeOptions Id="DebugProbeParams">
        <Option Id="CAPTURE_COMPARE_VALUE" value="eq1&apos;hX"/>
        <Option Id="COMPARE_VALUE.0" value="eq1&apos;bX"/>
        <Option Id="DISPLAY_HINT" value=""/>
        <Option Id="DISPLAY_VISIBILITY" value=""/>
        <Option Id="HW_ILA" value="hw_ila_5"/>
        <Option Id="NAME.CUSTOM" value=""/>
        <Option Id="NAME.SELECT" value="Long"/>
        <Option Id="TRIGGER_COMPARE_VALUE" value="eq1&apos;bX"/>
      </probeOptions>
      <nets>
        <net name="zed_tpg_i/v_tpg_0_m_axis_video_TUSER"/>
      </nets>
    </probe>
    <probe type="ila" busType="net" source="netlist" spec="ILA_V2_RT">
      <probeOptions Id="DebugProbeParams">
        <Option Id="CAPTURE_COMPARE_VALUE" value="eq1&apos;hX"/>
        <Option Id="COMPARE_VALUE.0" value="eq1&apos;bR"/>
        <Option Id="DISPLAY_HINT" value=""/>
        <Option Id="DISPLAY_VISIBILITY" value=""/>
        <Option Id="HW_ILA" value="hw_ila_5"/>
        <Option Id="NAME.CUSTOM" value=""/>
        <Option Id="NAME.SELECT" value="Long"/>
        <Option Id="TRIGGER_COMPARE_VALUE" value="eq1&apos;bR"/>
      </probeOptions>
      <nets>
        <net name="zed_tpg_i/v_tpg_0_m_axis_video_TVALID"/>
      </nets>
    </probe>
  </probeset>
</hwsession>
