<?xml version="1.0" encoding="UTF-8"?>
<manifest:Manifest xmi:version="2.0" xmlns:xmi="http://www.omg.org/XMI" xmlns:manifest="http://www.xilinx.com/manifest">
	<template location="xc7z010/mmult" name="Matrix Multiplication (area reduced)" description="Implementation of an area-reduced floating point matrix multiplication. In this version, the code is parallelized less which results in less resource usage (to fit on smaller devices, or allow for more functions to be accelerated).  By default the function 'mmult()' is marked for hardware, and you can build the project. SDSoC pragmas are used to specify the amount of data that will be transferred to the accelerator.">
		<supports>
			<and>
        <or>
          <os name="Linux"/>
          <os name="Standalone"/>
        </or>
			</and>
		</supports>
    <accelerator name="mmult_accel" location="mmult.cpp"/>
	</template>
	<template location="xc7z010/mmult_datasize" name="Matrix Multiplication Data Size (area reduced)" description="Implementation of an area-reduced floating point variable dimension size (square) matrix multiplication. In this version, the code is parallelized less which results in less resource usage (to fit on smaller devices, or allow for more functions to be accelerated). Matrix dimension is a parameter to the function 'mmult_accel()'. By default the function 'mmult_accel()' is marked for hardware, and you can build the project. SDSoC pragmas are used to specify the amount of data that will be transferred to the accelerator.">
		<supports>
			<and>
        <or>
          <os name="Linux"/>
          <os name="Standalone"/>
        </or>
			</and>
		</supports>
    <accelerator name="mmult_accel" location="mmult_accel.cpp"/>
    <linker inferredOptions="-poll-mode 1"/>
	</template>
	<template location="xc7z010/mmult_pipelined" name="Pipelined Matrix Multiplication (area reduced)" description="Implementation of an area-reduced floating point matrix multiplication. In this version, the code is parallelized less which results in less resource usage (to fit on smaller devices, or allow for more functions to be accelerated). This version is also pipelined to enable overlapping data transfer with execution of the accelerator. By default the function 'mmult_accel()' is marked for hardware, and you can build the project. SDSoC pragmas are used to specify the amount of data that will be transferred to the accelerator.">
		<supports>
			<and>
        <or>
          <os name="Linux"/>
          <os name="Standalone"/>
        </or>
			</and>
		</supports>
    <accelerator name="mmult_accel" location="mmult_accel.cpp"/>
    <linker inferredOptions="-poll-mode 1"/>
	</template>
	<template location="xc7z010/mmultadd" name= "Matrix Multiplication and Addition (area reduced)" description="Implementation of an area-reduced 32x32 matrix multiplication followed by a matrix addition using 4-byte float values. In this version, the code is parallelized less which results in less resource usage (to fit on smaller devices, or allow for more functions to be accelerated). By default the function 'mmult()' and 'madd()' are marked for hardware, and you can build the project. SDSoC pragmas are used to specify the amount of data that will be transferred to the accelerator.">
		<supports>
			<and>
        <or>
          <os name="Linux"/>
          <os name="Standalone"/>
        </or>
			</and>
		</supports>
    <accelerator name="mmult" location="mmult.cpp"/>
    <accelerator name="madd" location="madd.cpp"/>
	</template>
	<template location="rgb2hsv" name= "Color Space Conversion - RGB/HSV" description="Sample application using arrays of structs. A pixel is implemented as a struct with 3 members: Red/Green/Blue or Hue/Saturation/Value. The function that performs the conversion from RGB to HSV is accelerated in hardware. The function that converts back from HSV to RGB is in software.">
		<supports>
			<and>
        <or>
          <os name="Linux"/>
          <os name="Standalone"/>
        </or>
			</and>
		</supports>
    <accelerator name="RgbToHsv" location="top.cpp"/>
	</template>
	<template location="hls_lib/hls_fir" name= "Synthesizeable FIR Filter" description="Implementation of an HLS synthesizeable 84th order FIR filter on 4-byte integer values. The coefficients are fixed, and the data is added one element at a time for each call of the function (ie. after 84 function calls the first real data is produced). By default the function 'cpp_FIR()' is marked for hardware, and you can build the project. ">
		<supports>
			<and>
        <or>
          <os name="Linux"/>
          <os name="Standalone"/>
        </or>
			</and>
		</supports>
    <accelerator name="cpp_FIR" location="cpp_FIR.cpp"/>
	</template>
  <template location="file_io_manr_sobel" name="File IO Video Processing"  description="Implementation of a Linux video processing application that reads input video from a file and writes out the output video to a file. Video processing includes Motion Adaptive Noise Reduction (MANR) followed by a Sobel filter for edge detection. By default the functions 'manr()' and 'sobel_filter()' are marked for hardware, and you can build the project. Once the project is built, you can run it by supplying a 1080p YUV422 file as input and limiting number of frames to a maximum of 10 frames. HLS pragmas are used to achieve FIFO interfaces on both 'manr()' and 'sobel_filter()' functions when implemented in hardware.">
    <includepaths>
      <path location="platform"/>
    </includepaths>
    <supports>
      <and>
        <or>
          <os name="Linux"/>
        </or>
      </and>
    </supports>
    <system dmclkid="1"/>
    <accelerator name="manr" location="manr.cpp" clkid="1"/>
    <accelerator name="sobel_filter" location="sobel_filter.cpp" clkid="1"/>
    <linker inferredOptions="-poll-mode 1"/>
  </template>
  <template location="xc7z010/mmult_freertos" name="Matrix Multiplication (area reduced, FreeRTOS)"  description="Implementation of an area-reduced floating point matrix multiplication for FreeRTOS. In this version, the code is parallelized less which results in less resource usage (to fit on smaller devices, or allow for more functions to be accelerated).  By default the function 'mmult()' is marked for hardware, and you can build the project. SDSoC pragmas are used to specify the amount of data that will be transferred to the accelerator.">
    <supports>
      <and>
        <or>
          <os name="FreeRTOS"/>
        </or>
      </and>
    </supports>
    <accelerator name="mmult_accel" location="mmult_accel.cpp"/>
  </template>
</manifest:Manifest>
