<?xml version="1.0" encoding="UTF-8"?>
<GenRun Id="synth_1" LaunchPart="xc7z020clg484-1" LaunchTime="1454781784">
  <File Type="RUN-CONSTRS" Name="$PDATADIR/runs/synth_1/constrs_in.xml"/>
  <File Type="RDS-DCP" Name="zed_tpg_wrapper.dcp"/>
  <File Type="RUN-SRCS" Name="$PDATADIR/runs/synth_1/sources.xml"/>
  <File Type="RDS-UTIL-PB" Name="zed_tpg_wrapper_utilization_synth.pb"/>
  <File Type="RUN-STRAT" Name="$PDATADIR/runs/synth_1/synth_1.psg"/>
  <File Type="PA-TCL" Name="zed_tpg_wrapper.tcl"/>
  <File Type="RDS-PROPCONSTRS" Name="zed_tpg_wrapper_drc_synth.rpt"/>
  <File Type="RDS-RDS" Name="zed_tpg_wrapper.vds"/>
  <File Type="RDS-UTIL" Name="zed_tpg_wrapper_utilization_synth.rpt"/>
  <File Type="VDS-TIMINGSUMMARY" Name="zed_tpg_wrapper_timing_summary_synth.rpt"/>
  <File Type="VDS-TIMING-PB" Name="zed_tpg_wrapper_timing_summary_synth.pb"/>
  <FileSet Name="sources" Type="DesignSrcs" RelSrcDir="$PSRCDIR/sources_1">
    <Filter Type="Srcs"/>
    <File Path="$PSRCDIR/sources_1/bd/zed_tpg/zed_tpg.bd">
      <FileInfo>
        <Attr Name="ImportPath" Val="$PPRDIR/../../../../../../../../../../hdl_projects/zed_test/zed_test.srcs/sources_1/bd/zed_tpg/zed_tpg.bd"/>
        <Attr Name="ImportTime" Val="1454266203"/>
        <Attr Name="UsedIn" Val="synthesis"/>
        <Attr Name="UsedIn" Val="implementation"/>
        <Attr Name="UsedIn" Val="simulation"/>
      </FileInfo>
    </File>
    <File Path="$PSRCDIR/sources_1/bd/zed_tpg/hdl/zed_tpg_wrapper.vhd">
      <FileInfo>
        <Attr Name="ImportPath" Val="$PPRDIR/../../../../../../../../../../hdl_projects/zed_test/zed_test.srcs/sources_1/bd/zed_tpg/hdl/zed_tpg_wrapper.vhd"/>
        <Attr Name="ImportTime" Val="1454273335"/>
        <Attr Name="UsedIn" Val="synthesis"/>
        <Attr Name="UsedIn" Val="simulation"/>
      </FileInfo>
    </File>
    <File Path="$PSRCDIR/sources_1/bd/zed_tpg/ip/zed_tpg_util_vector_logic_0_0/zed_tpg_util_vector_logic_0_0.upgrade_log">
      <FileInfo>
        <Attr Name="ImportPath" Val="$PPRDIR/../../../../../../../../../../hdl_projects/zed_test/zed_test.srcs/sources_1/bd/zed_tpg/ip/zed_tpg_util_vector_logic_0_0/zed_tpg_util_vector_logic_0_0.upgrade_log"/>
        <Attr Name="ImportTime" Val="1453633513"/>
      </FileInfo>
    </File>
    <File Path="$PSRCDIR/sources_1/bd/zed_tpg/ip/zed_tpg_v_axi4s_vid_out_0_0/zed_tpg_v_axi4s_vid_out_0_0.upgrade_log">
      <FileInfo>
        <Attr Name="ImportPath" Val="$PPRDIR/../../../../../../../../../../hdl_projects/zed_test/zed_test.srcs/sources_1/bd/zed_tpg/ip/zed_tpg_v_axi4s_vid_out_0_0/zed_tpg_v_axi4s_vid_out_0_0.upgrade_log"/>
        <Attr Name="ImportTime" Val="1453633514"/>
      </FileInfo>
    </File>
    <File Path="$PSRCDIR/sources_1/bd/zed_tpg/ip/zed_tpg_v_tc_0_0/zed_tpg_v_tc_0_0.upgrade_log">
      <FileInfo>
        <Attr Name="ImportPath" Val="$PPRDIR/../../../../../../../../../../hdl_projects/zed_test/zed_test.srcs/sources_1/bd/zed_tpg/ip/zed_tpg_v_tc_0_0/zed_tpg_v_tc_0_0.upgrade_log"/>
        <Attr Name="ImportTime" Val="1453633515"/>
      </FileInfo>
    </File>
    <File Path="$PSRCDIR/sources_1/bd/zed_tpg/ip/zed_tpg_v_tpg_0_0/zed_tpg_v_tpg_0_0.upgrade_log">
      <FileInfo>
        <Attr Name="ImportPath" Val="$PPRDIR/../../../../../../../../../../hdl_projects/zed_test/zed_test.srcs/sources_1/bd/zed_tpg/ip/zed_tpg_v_tpg_0_0/zed_tpg_v_tpg_0_0.upgrade_log"/>
        <Attr Name="ImportTime" Val="1453633517"/>
      </FileInfo>
    </File>
    <File Path="$PSRCDIR/sources_1/bd/zed_tpg/ip/zed_tpg_xlconstant_0_1/zed_tpg_xlconstant_0_1.upgrade_log">
      <FileInfo>
        <Attr Name="ImportPath" Val="$PPRDIR/../../../../../../../../../../hdl_projects/zed_test/zed_test.srcs/sources_1/bd/zed_tpg/ip/zed_tpg_xlconstant_0_1/zed_tpg_xlconstant_0_1.upgrade_log"/>
        <Attr Name="ImportTime" Val="1453633517"/>
      </FileInfo>
    </File>
    <File Path="$PSRCDIR/sources_1/bd/zed_tpg/ip/zed_tpg_xlslice_0_0/zed_tpg_xlslice_0_0.upgrade_log">
      <FileInfo>
        <Attr Name="ImportPath" Val="$PPRDIR/../../../../../../../../../../hdl_projects/zed_test/zed_test.srcs/sources_1/bd/zed_tpg/ip/zed_tpg_xlslice_0_0/zed_tpg_xlslice_0_0.upgrade_log"/>
        <Attr Name="ImportTime" Val="1453633517"/>
      </FileInfo>
    </File>
    <File Path="$PSRCDIR/sources_1/bd/zed_tpg/ip/zed_tpg_xlslice_0_1/zed_tpg_xlslice_0_1.upgrade_log">
      <FileInfo>
        <Attr Name="ImportPath" Val="$PPRDIR/../../../../../../../../../../hdl_projects/zed_test/zed_test.srcs/sources_1/bd/zed_tpg/ip/zed_tpg_xlslice_0_1/zed_tpg_xlslice_0_1.upgrade_log"/>
        <Attr Name="ImportTime" Val="1453633518"/>
      </FileInfo>
    </File>
    <File Path="$PSRCDIR/sources_1/bd/zed_tpg/ip/zed_tpg_xlslice_1_0/zed_tpg_xlslice_1_0.upgrade_log">
      <FileInfo>
        <Attr Name="ImportPath" Val="$PPRDIR/../../../../../../../../../../hdl_projects/zed_test/zed_test.srcs/sources_1/bd/zed_tpg/ip/zed_tpg_xlslice_1_0/zed_tpg_xlslice_1_0.upgrade_log"/>
        <Attr Name="ImportTime" Val="1453633518"/>
      </FileInfo>
    </File>
    <Config>
      <Option Name="DesignMode" Val="RTL"/>
      <Option Name="TopModule" Val="zed_tpg_wrapper"/>
      <Option Name="TopAutoSet" Val="TRUE"/>
    </Config>
  </FileSet>
  <FileSet Name="constrs_in" Type="Constrs" RelSrcDir="$PSRCDIR/constrs_1">
    <Filter Type="Constrs"/>
    <File Path="$PPRDIR/../../../../../../../../Downloads/zedboard_master_XDC_RevC_D_v2/zedboard_master_XDC_RevC_D_v2.xdc">
      <FileInfo>
        <Attr Name="UsedIn" Val="synthesis"/>
        <Attr Name="UsedIn" Val="implementation"/>
      </FileInfo>
    </File>
    <Config>
      <Option Name="ConstrsType" Val="XDC"/>
    </Config>
  </FileSet>
  <Strategy Version="1" Minor="2">
    <StratHandle Name="Vivado Synthesis Defaults" Flow="Vivado Synthesis 2015"/>
    <Step Id="synth_design"/>
  </Strategy>
</GenRun>
